lag,corr
-7,-0.17876518012491696
-6,-0.18723432809810756
-5,-0.1748824830885471
-4,-0.16828026354117914
-3,-0.15882863703655956
-2,-0.15576313345129897
-1,-0.1362133515883805
0,-0.12096536315152105
1,-0.13124920294318806
2,-0.12727669875759118
3,-0.1566181447825697
4,-0.14683280666631923
5,-0.13248870735341114
6,-0.1357390716840302
7,-0.1363579186176399
