classification,win_rate
Extreme Fear,0.6428571428571429
Fear,0.7362637362637363
Neutral,0.6716417910447762
Greed,0.7253886010362695
Extreme Greed,0.8771929824561403
